sample,rep_1,rep_2,Pass_coverage,clade,Nextclade_pango,VOC,study_id,Household
MHM1006,1416.551015,1086.456376,Pass,20G,B.1.2,Non-VOC,1,HH1
MHM1007,2336.501555,965.8573722,Pass,20G,B.1.2,Non-VOC,2,HH1
MHM1008,1296.393272,928.3630739,Pass,20A,B.1.240,Non-VOC,3,HH2
MHM1010,1264.401599,5372.761663,Pass,20A,B.1.240,Non-VOC,4,HH2
MHM1024,2287.389827,696.7532355,Pass,20B,B.1.1,Non-VOC,5,HH3
MHM1025,2174.221784,1821.065646,Pass,20B,B.1.1,Non-VOC,6,HH3
MHM1057,1111.701502,1957.024178,Pass,20G,B.1.2,Non-VOC,7,HH4
MHM1060,7434.107615,2113.159081,Pass,20G,B.1.2,Non-VOC,8,HH4
MHM1123,2091.335251,1189.200983,Pass,20G,B.1.2,Non-VOC,9,HH5
MHM1124,2559.749958,2967.26071,Pass,20G,B.1.2,Non-VOC,10,HH5
MHM1143,2420.67107,1172.897435,Pass,20G,B.1.2,Non-VOC,11,HH6
MHM1184,3092.54854,891.9523459,Pass,20G,B.1.2,Non-VOC,12,HH6
MHM1149,1028.908538,1173.610507,Pass,20G,B.1.2,Non-VOC,13,HH7
MHM1150,5370.852557,3850.648998,Pass,20G,B.1.2,Non-VOC,14,HH7
MHM1169,2871.325385,542.4365783,Pass,20G,B.1.2,Non-VOC,15,HH8
MHM1172,1629.045046,5602.04936,Pass,20G,B.1.2,Non-VOC,16,HH8
MHM1173,2308.469986,1907.718824,Pass,20G,B.1.2,Non-VOC,17,HH8
MHM1247,3746.824834,861.872053,Pass,20G,B.1.2,Non-VOC,18,HH9
MHM1248,2933.189647,1890.811457,Pass,20G,B.1.2,Non-VOC,19,HH9
MHM1303,3520.617095,1837.494967,Pass,20A,B.1.234,Non-VOC,20,HH10
MHM1304,1999.468515,1632.569976,Pass,20A,B.1.234,Non-VOC,21,HH10
MHM1305,2439.024847,1345.803431,Pass,20A,B.1.234,Non-VOC,22,HH10
MHM1333,8188.532388,1756.122864,Pass,20I (Alpha),B.1.1.7,Alpha,23,HH11
MHM1334,1097.005284,2098.778484,Pass,20I (Alpha),B.1.1.7,Alpha,24,HH11
MHM1358,1921.406314,5674.35682,Pass,20I (Alpha),B.1.1.7,Alpha,25,HH12
MHM1365,5098.313012,5915.846671,Pass,20I (Alpha),B.1.1.7,Alpha,26,HH12
MHM1367,2592.545965,1905.299936,Pass,20I (Alpha),B.1.1.7,Alpha,27,HH13
MHM1368,3759.947631,5485.817811,Pass,20I (Alpha),B.1.1.7,Alpha,28,HH13
MHM1377,4513.205598,2168.567134,Pass,20J (Gamma),P.1,Gamma,29,HH14
MHM1379,2189.601144,2080.500987,Pass,20J (Gamma),P.1,Gamma,30,HH14
MHM1402,615.8351002,1263.817844,Pass,20I (Alpha),B.1.1.7,Alpha,31,HH15
MHM1403,704.6391666,1151.74959,Pass,20I (Alpha),B.1.1.7,Alpha,32,HH15
MHM1414,1616.498545,1942.497575,Pass,20I (Alpha),B.1.1.7,Alpha,33,HH16
MHM1415,1722.795071,3066.433535,Pass,20I (Alpha),B.1.1.7,Alpha,34,HH16
MHM1417,764.6492994,4886.090292,Pass,20I (Alpha),B.1.1.7,Alpha,35,HH16
MHM1418,1649.790222,1242.948065,Pass,20I (Alpha),B.1.1.7,Alpha,36,HH16
MHM1433,713.6362907,839.7188576,Pass,20I (Alpha),B.1.1.7,Alpha,37,HH17
MHM1435,2185.354346,2711.429489,Pass,20I (Alpha),B.1.1.7,Alpha,38,HH17
MHM1436,3314.069391,1408.616159,Pass,20I (Alpha),B.1.1.7,Alpha,39,HH17
MHM1437,3967.893522,1347.025115,Pass,20I (Alpha),B.1.1.7,Alpha,40,HH17
MHM1459,563.7303281,691.535565,Pass,21G (Lambda),C.37.1,Non-VOC,41,HH18
MHM1460,2825.999599,2800.023877,Pass,21G (Lambda),C.37.1,Non-VOC,42,HH18
MHM1461,1866.054209,1047.970137,Pass,21G (Lambda),C.37.1,Non-VOC,43,HH18
MHM1486,2603.984884,2489.360666,Pass,20I (Alpha),B.1.1.7,Alpha,44,HH19
MHM1487,2298.301274,1854.642645,Pass,20I (Alpha),B.1.1.7,Alpha,45,HH19
MHM1488,1842.765007,1022.626526,Pass,20I (Alpha),B.1.1.7,Alpha,46,HH19
MHM1597,1324.826004,554.2201786,Pass,21J (Delta),AY.119,Delta,47,HH20
MHM1598,3845.022205,1379.490519,Pass,21J (Delta),AY.119,Delta,48,HH20
MHM1639,1487.038491,852.5706785,Pass,21J (Delta),AY.39,Delta,49,HH21
MHM1649,1792.249373,3495.828211,Pass,21J (Delta),AY.39,Delta,50,HH21
MHM1650,2454.791693,3310.035047,Pass,21J (Delta),AY.39,Delta,51,HH21
MHM1747,1781.098686,5265.749356,Pass,21J (Delta),AY.100,Delta,52,HH22
MHM1748,2337.923519,4234.062301,Pass,21J (Delta),AY.100,Delta,53,HH22
MHM1870,2682.368224,2522.159583,Pass,21K (Omicron),BA.1.1,Omicron,54,HH23
MHM1871,2271.095408,1350.032605,Pass,21K (Omicron),BA.1.1,Omicron,55,HH23
HS10818,1723.363576,1884.95355,Pass,21J (Delta),AY.3,Delta,56,HH24
HS10820,3227.928335,3268.165134,Pass,21J (Delta),AY.3,Delta,57,HH24
HS10822,2473.280173,4044.082366,Pass,21J (Delta),AY.3,Delta,58,HH24
HS10875,3027.603351,2179.176838,Pass,21J (Delta),AY.100,Delta,59,HH25.1
HS10876,1568.914423,2660.904291,Pass,21J (Delta),AY.3,Delta,60,HH25.2
HS10878,737.349898,2190.404608,Pass,21J (Delta),AY.3,Delta,61,HH25.2
HS10879,4461.74852,786.2310136,Pass,21J (Delta),AY.100,Delta,62,HH25.1
HS11151,2238.56175,2861.667391,Pass,21J (Delta),AY.25,Delta,63,HH26
HS11152,2612.999632,1815.037488,Pass,21J (Delta),AY.25,Delta,64,HH26
HS11562,2551.839983,1397.902317,Pass,21K (Omicron),BA.1.1,Omicron,65,HH27
HS11663,1163.882052,1494.080895,Pass,21K (Omicron),BA.1.1,Omicron,66,HH27
HS11398,2214.785841,1304.292011,Pass,21K (Omicron),BA.1.1,Omicron,67,HH28
HS11477,1423.759957,3798.5259,Pass,21K (Omicron),BA.1.1,Omicron,68,HH28
HS11336,1587.785139,1912.162258,Pass,21K (Omicron),BA.1.1,Omicron,69,HH29
HS11337,3341.32582,4096.822292,Pass,21K (Omicron),BA.1.1,Omicron,70,HH29
HS11338,2645.153797,3014.127613,Pass,21K (Omicron),BA.1.1,Omicron,71,HH29
HS11339,3614.83617,1472.650604,Pass,21K (Omicron),BA.1.1,Omicron,72,HH29
HS10498,1903.040297,2946.178009,Pass,21J (Delta),AY.39,Delta,73,HH32.1
HS10501,2597.121627,2963.551918,Pass,21J (Delta),AY.39,Delta,74,HH32.1
HS11484,1560.839013,1549.058121,Pass,21K (Omicron),BA.1.1,Omicron,77,HH33
HS11608,1478.683945,2213.650102,Pass,21K (Omicron),BA.1.1,Omicron,78,HH33
HS11537,2855.877437,1694.080795,Pass,21K (Omicron),BA.1,Omicron,79,HH34
HS11613,726.1484132,1244.495669,Pass,21K (Omicron),BA.1,Omicron,80,HH34
HS11727,3564.999197,3159.075344,Pass,21K (Omicron),BA.1,Omicron,81,HH34
HS11703,3718.720764,1464.01244,Pass,21K (Omicron),BA.1.1,Omicron,82,HH35
HS11704,2759.413069,2946.007725,Pass,21K (Omicron),BA.1.1,Omicron,83,HH35
HS11573,2942.518945,1166.195097,Pass,21K (Omicron),BA.1,Omicron,84,HH36
HS11575,1570.295054,5081.075979,Pass,21K (Omicron),BA.1,Omicron,85,HH36
HS11576,2183.398054,1878.567067,Pass,21K (Omicron),BA.1,Omicron,86,HH36
HS10858,839.2274019,2416.229208,Pass,21J (Delta),AY.3,Delta,87,HH37
HS11031,2362.577601,2728.903889,Pass,21J (Delta),AY.3,Delta,88,HH37
HS11709,2387.541283,2765.847306,Pass,21K (Omicron),BA.1,Omicron,89,HH38
HS11767,5943.286192,2419.375146,Pass,21K (Omicron),BA.1,Omicron,90,HH38
HS11768,2628.852256,2396.238571,Pass,21K (Omicron),BA.1,Omicron,91,HH38
HS11300,3761.63104,1654.377788,Pass,21K (Omicron),BA.1.1,Omicron,92,HH39
HS11301,2638.423469,2495.57409,Pass,21K (Omicron),BA.1.1,Omicron,93,HH39
HS11379,1581.306792,1689.219075,Pass,21K (Omicron),BA.1.1,Omicron,94,HH39
HS11380,1016.403672,2631.837307,Pass,21K (Omicron),BA.1.1,Omicron,95,HH39
HS11055,1563.662709,3782.111193,Pass,21J (Delta),AY.3,Delta,96,HH40
HS11056,1702.640103,2458.137311,Pass,21J (Delta),AY.3,Delta,97,HH40
HS11498,743.2521486,2901.334983,Pass,21K (Omicron),BA.1.1,Omicron,98,HH41
HS11625,4377.79283,1796.916998,Pass,21K (Omicron),BA.1.1,Omicron,99,HH41
HS11715,3178.190382,1808.954419,Pass,21K (Omicron),BA.1.1,Omicron,100,HH41
HS10900,3198.299201,2006.429121,Pass,21J (Delta),AY.44,Delta,101,HH42
HS10976,1440.442531,2253.952781,Pass,21J (Delta),AY.44,Delta,102,HH42
HS11505,709.527004,3016.978898,Pass,21K (Omicron),BA.1.15,Omicron,103,HH43
HS11637,4960.601344,1968.619068,Pass,21K (Omicron),BA.1.15,Omicron,104,HH43
HS11515,1861.388523,1020.518677,Pass,21K (Omicron),BA.1.1,Omicron,105,HH44
HS11598,2877.635455,2891.131692,Pass,21K (Omicron),BA.1.1,Omicron,106,HH44
HS11686,2405.024446,1941.481992,Pass,21K (Omicron),BA.1.1,Omicron,107,HH44
HS11456,2784.899977,2312.38655,Pass,21K (Omicron),BA.1.1,Omicron,108,HH45
HS11554,2105.010333,516.7784838,Pass,21K (Omicron),BA.1.1,Omicron,109,HH45
HS11557,3045.526235,1898.344781,Pass,21K (Omicron),BA.1.1,Omicron,110,HH45
MHM1599,NA,NA,Pass,21J (Delta),AY.4,Delta,111,HH46
MHM1600,NA,NA,Pass,21J (Delta),AY.4,Delta,112,HH46